{
    "Place1***schema:mainEntityOfPage***?CreativeWork1": {
        "triple_occurrences": 72,
        "triple_aggregated_score": 11.830905658904443,
        "triple_average_score": 0.002282196307659036,
        "method": "aggregated",
        "predicate_occurrences": 216,
        "predicate_aggregated_score": 0.9830572461416637,
        "predicate_average_score": 0.004551190954359554
    },
    "Offer1***schema:availableAtOrFrom***?Place1": {
        "triple_occurrences": 72,
        "triple_aggregated_score": 13.869160077488274,
        "triple_average_score": 0.002675378101367337,
        "method": "aggregated",
        "predicate_occurrences": 72,
        "predicate_aggregated_score": 0.19262722329844825,
        "predicate_average_score": 0.002675378101367337
    },
    "PersonOrOrganization1***schema:mainEntityOfPage***?CreativeWork1": {
        "triple_occurrences": 72,
        "triple_aggregated_score": 8.982930070394877,
        "triple_average_score": 0.0017328183006162956,
        "method": "aggregated",
        "predicate_occurrences": 216,
        "predicate_aggregated_score": 0.9830572461416637,
        "predicate_average_score": 0.004551190954359554
    },
    "Offer1***schema:seller***?Place1": {
        "triple_occurrences": 72,
        "triple_aggregated_score": 7.603248464816992,
        "triple_average_score": 0.0014666760155896974,
        "method": "aggregated",
        "predicate_occurrences": 144,
        "predicate_aggregated_score": 0.49266810765123764,
        "predicate_average_score": 0.003421306303133595
    },
    "Offer1***schema:mainEntityOfPage***?CreativeWork1": {
        "triple_occurrences": 72,
        "triple_aggregated_score": 49.966285992900474,
        "triple_average_score": 0.009638558254803331,
        "method": "aggregated",
        "predicate_occurrences": 216,
        "predicate_aggregated_score": 0.9830572461416637,
        "predicate_average_score": 0.004551190954359554
    },
    "Offer1***schema:seller***?PersonOrOrganization1": {
        "triple_occurrences": 72,
        "triple_aggregated_score": 27.868855286072115,
        "triple_average_score": 0.005375936590677492,
        "method": "aggregated",
        "predicate_occurrences": 144,
        "predicate_aggregated_score": 0.49266810765123764,
        "predicate_average_score": 0.003421306303133595
    }
}