{
    "Place1***schema:mainEntityOfPage***?CreativeWork1": {
        "triple_occurrences": 72,
        "triple_aggregated_score": 11.830905658904443,
        "triple_average_score": 0.002282196307659036,
        "method": "aggregated",
        "predicate_occurrences": 216,
        "predicate_aggregated_score": 0.9830572461416637,
        "predicate_average_score": 0.004551190954359554
    },
    "Offer1***schema:availableAtOrFrom***?Place1": {
        "triple_occurrences": 72,
        "triple_aggregated_score": 13.86916007748827,
        "triple_average_score": 0.002675378101367336,
        "method": "aggregated",
        "predicate_occurrences": 72,
        "predicate_aggregated_score": 0.1926272232984482,
        "predicate_average_score": 0.002675378101367336
    },
    "PersonOrOrganization1***schema:mainEntityOfPage***?CreativeWork1": {
        "triple_occurrences": 72,
        "triple_aggregated_score": 8.98293007039488,
        "triple_average_score": 0.0017328183006162963,
        "method": "aggregated",
        "predicate_occurrences": 216,
        "predicate_aggregated_score": 0.9830572461416637,
        "predicate_average_score": 0.004551190954359554
    },
    "Offer1***schema:seller***?Place1": {
        "triple_occurrences": 72,
        "triple_aggregated_score": 7.603248464816992,
        "triple_average_score": 0.0014666760155896974,
        "method": "aggregated",
        "predicate_occurrences": 144,
        "predicate_aggregated_score": 0.4926681076512376,
        "predicate_average_score": 0.0034213063031335944
    },
    "Offer1***schema:mainEntityOfPage***?CreativeWork1": {
        "triple_occurrences": 72,
        "triple_aggregated_score": 49.96628599290046,
        "triple_average_score": 0.00963855825480333,
        "method": "aggregated",
        "predicate_occurrences": 216,
        "predicate_aggregated_score": 0.9830572461416637,
        "predicate_average_score": 0.004551190954359554
    },
    "Offer1***schema:seller***?PersonOrOrganization1": {
        "triple_occurrences": 72,
        "triple_aggregated_score": 27.86885528607212,
        "triple_average_score": 0.005375936590677493,
        "method": "aggregated",
        "predicate_occurrences": 144,
        "predicate_aggregated_score": 0.4926681076512376,
        "predicate_average_score": 0.0034213063031335944
    }
}