{
    "Place1***schema:mainEntityOfPage***?CreativeWork1": {
        "triple_occurrences": 72,
        "triple_aggregated_score": 0.16431813415145058,
        "triple_average_score": 0.0022821963076590356,
        "method": "aggregated",
        "predicate_occurrences": 216,
        "predicate_aggregated_score": 0.9830572461416638,
        "predicate_average_score": 0.004551190954359554
    },
    "Offer1***schema:availableAtOrFrom***?Place1": {
        "triple_occurrences": 72,
        "triple_aggregated_score": 1.5410177863875854,
        "triple_average_score": 0.0026753781013673355,
        "method": "aggregated",
        "predicate_occurrences": 72,
        "predicate_aggregated_score": 0.19262722329844817,
        "predicate_average_score": 0.0026753781013673355
    },
    "PersonOrOrganization1***schema:mainEntityOfPage***?CreativeWork1": {
        "triple_occurrences": 72,
        "triple_aggregated_score": 0.12476291764437326,
        "triple_average_score": 0.0017328183006162954,
        "method": "aggregated",
        "predicate_occurrences": 216,
        "predicate_aggregated_score": 0.9830572461416638,
        "predicate_average_score": 0.004551190954359554
    },
    "Offer1***schema:seller***?Place1": {
        "triple_occurrences": 72,
        "triple_aggregated_score": 0.10560067312245826,
        "triple_average_score": 0.001466676015589698,
        "method": "aggregated",
        "predicate_occurrences": 144,
        "predicate_aggregated_score": 0.49266810765123775,
        "predicate_average_score": 0.0034213063031335953
    },
    "Offer1***schema:mainEntityOfPage***?CreativeWork1": {
        "triple_occurrences": 72,
        "triple_aggregated_score": 9.02169052649592,
        "triple_average_score": 0.009638558254803333,
        "method": "aggregated",
        "predicate_occurrences": 216,
        "predicate_aggregated_score": 0.9830572461416638,
        "predicate_average_score": 0.004551190954359554
    },
    "Offer1***schema:seller***?PersonOrOrganization1": {
        "triple_occurrences": 72,
        "triple_aggregated_score": 4.257741779816573,
        "triple_average_score": 0.005375936590677492,
        "method": "aggregated",
        "predicate_occurrences": 144,
        "predicate_aggregated_score": 0.49266810765123775,
        "predicate_average_score": 0.0034213063031335953
    }
}