{
    "Place1***schema:mainEntityOfPage***?CreativeWork1": {
        "triple_occurrences": 72,
        "triple_aggregated_score": 0.16431813415145063,
        "triple_average_score": 0.0022821963076590365,
        "method": "aggregated",
        "predicate_occurrences": 216,
        "predicate_aggregated_score": 0.9830572461416637,
        "predicate_average_score": 0.004551190954359554
    },
    "Offer1***schema:availableAtOrFrom***?Place1": {
        "triple_occurrences": 72,
        "triple_aggregated_score": 0.1926272232984482,
        "triple_average_score": 0.002675378101367336,
        "method": "aggregated",
        "predicate_occurrences": 72,
        "predicate_aggregated_score": 0.1926272232984482,
        "predicate_average_score": 0.002675378101367336
    },
    "PersonOrOrganization1***schema:mainEntityOfPage***?CreativeWork1": {
        "triple_occurrences": 72,
        "triple_aggregated_score": 0.12476291764437329,
        "triple_average_score": 0.0017328183006162956,
        "method": "aggregated",
        "predicate_occurrences": 216,
        "predicate_aggregated_score": 0.9830572461416637,
        "predicate_average_score": 0.004551190954359554
    },
    "Offer1***schema:seller***?Place1": {
        "triple_occurrences": 72,
        "triple_aggregated_score": 0.10560067312245823,
        "triple_average_score": 0.0014666760155896976,
        "method": "aggregated",
        "predicate_occurrences": 144,
        "predicate_aggregated_score": 0.4926681076512376,
        "predicate_average_score": 0.0034213063031335944
    },
    "Offer1***schema:mainEntityOfPage***?CreativeWork1": {
        "triple_occurrences": 72,
        "triple_aggregated_score": 0.6939761943458397,
        "triple_average_score": 0.00963855825480333,
        "method": "aggregated",
        "predicate_occurrences": 216,
        "predicate_aggregated_score": 0.9830572461416637,
        "predicate_average_score": 0.004551190954359554
    },
    "Offer1***schema:seller***?PersonOrOrganization1": {
        "triple_occurrences": 72,
        "triple_aggregated_score": 0.38706743452877945,
        "triple_average_score": 0.005375936590677493,
        "method": "aggregated",
        "predicate_occurrences": 144,
        "predicate_aggregated_score": 0.4926681076512376,
        "predicate_average_score": 0.0034213063031335944
    }
}