{
    "Offer1***schema:itemOffered***?Firearm1": {
        "triple_occurrences": 99,
        "triple_aggregated_score": 7.53235065940174,
        "triple_average_score": 0.009510543761870884,
        "method": "aggregated",
        "predicate_occurrences": 99,
        "predicate_aggregated_score": 0.9415438324252176,
        "predicate_average_score": 0.009510543761870884
    },
    "Place1***schema:mainEntityOfPage***?CreativeWork1": {
        "triple_occurrences": 99,
        "triple_aggregated_score": 0.03057558177318561,
        "triple_average_score": 0.0003088442603352082,
        "method": "aggregated",
        "predicate_occurrences": 396,
        "predicate_aggregated_score": 0.5634841170235814,
        "predicate_average_score": 0.0014229396894534882
    },
    "Firearm1***schema:manufacturer***?PersonOrOrganization1": {
        "triple_occurrences": 80,
        "triple_aggregated_score": 1.2339460222392735,
        "triple_average_score": 0.01542432527799092,
        "method": "aggregated",
        "predicate_occurrences": 179,
        "predicate_aggregated_score": 2.0111945997007115,
        "predicate_average_score": 0.011235724020674366
    },
    "Offer1***schema:availableAtOrFrom***?Place1": {
        "triple_occurrences": 99,
        "triple_aggregated_score": 2.842750533524985,
        "triple_average_score": 0.003589331481723466,
        "method": "aggregated",
        "predicate_occurrences": 99,
        "predicate_aggregated_score": 0.35534381669062315,
        "predicate_average_score": 0.003589331481723466
    },
    "PersonOrOrganization1***schema:mainEntityOfPage***?CreativeWork1": {
        "triple_occurrences": 99,
        "triple_aggregated_score": 0.12291554056383594,
        "triple_average_score": 0.0012415711168064236,
        "method": "aggregated",
        "predicate_occurrences": 396,
        "predicate_aggregated_score": 0.5634841170235814,
        "predicate_average_score": 0.0014229396894534882
    },
    "Offer1***schema:seller***?Place1": {
        "triple_occurrences": 99,
        "triple_aggregated_score": 0.15592406699748002,
        "triple_average_score": 0.0015749905757321213,
        "method": "aggregated",
        "predicate_occurrences": 198,
        "predicate_aggregated_score": 0.9282286067228307,
        "predicate_average_score": 0.004688023266276923
    },
    "Offer1***schema:mainEntityOfPage***?CreativeWork1": {
        "triple_occurrences": 99,
        "triple_aggregated_score": 4.415756820794476,
        "triple_average_score": 0.0034310464808037884,
        "method": "aggregated",
        "predicate_occurrences": 396,
        "predicate_aggregated_score": 0.5634841170235814,
        "predicate_average_score": 0.0014229396894534882
    },
    "Offer1***schema:seller***?PersonOrOrganization1": {
        "triple_occurrences": 99,
        "triple_aggregated_score": 9.267654476704209,
        "triple_average_score": 0.007801055956821725,
        "method": "aggregated",
        "predicate_occurrences": 198,
        "predicate_aggregated_score": 0.9282286067228307,
        "predicate_average_score": 0.004688023266276923
    },
    "Firearm1***schema:manufacturer***?Place1": {
        "triple_occurrences": 99,
        "triple_aggregated_score": 0.7772485774614374,
        "triple_average_score": 0.007850995731933711,
        "method": "aggregated",
        "predicate_occurrences": 179,
        "predicate_aggregated_score": 2.0111945997007115,
        "predicate_average_score": 0.011235724020674366
    },
    "Firearm1***schema:mainEntityOfPage***?CreativeWork1": {
        "triple_occurrences": 99,
        "triple_aggregated_score": 0.07031939308698464,
        "triple_average_score": 0.0007102968998685317,
        "method": "aggregated",
        "predicate_occurrences": 396,
        "predicate_aggregated_score": 0.5634841170235814,
        "predicate_average_score": 0.0014229396894534882
    }
}