{
    "Offer1***schema:itemOffered***?Firearm1": {
        "triple_occurrences": 99,
        "triple_aggregated_score": 0.9415438324252176,
        "triple_average_score": 0.009510543761870884,
        "method": "aggregated",
        "predicate_occurrences": 99,
        "predicate_aggregated_score": 0.9415438324252176,
        "predicate_average_score": 0.009510543761870884
    },
    "Place1***schema:mainEntityOfPage***?CreativeWork1": {
        "triple_occurrences": 99,
        "triple_aggregated_score": 0.03057558177318561,
        "triple_average_score": 0.0003088442603352082,
        "method": "aggregated",
        "predicate_occurrences": 396,
        "predicate_aggregated_score": 0.5634841170235814,
        "predicate_average_score": 0.0014229396894534882
    },
    "Firearm1***schema:manufacturer***?PersonOrOrganization1": {
        "triple_occurrences": 80,
        "triple_aggregated_score": 1.2339460222392733,
        "triple_average_score": 0.015424325277990916,
        "method": "aggregated",
        "predicate_occurrences": 179,
        "predicate_aggregated_score": 2.0111945997007115,
        "predicate_average_score": 0.011235724020674366
    },
    "Offer1***schema:availableAtOrFrom***?Place1": {
        "triple_occurrences": 99,
        "triple_aggregated_score": 0.35534381669062326,
        "triple_average_score": 0.0035893314817234674,
        "method": "aggregated",
        "predicate_occurrences": 99,
        "predicate_aggregated_score": 0.35534381669062326,
        "predicate_average_score": 0.0035893314817234674
    },
    "PersonOrOrganization1***schema:mainEntityOfPage***?CreativeWork1": {
        "triple_occurrences": 99,
        "triple_aggregated_score": 0.12291554056383595,
        "triple_average_score": 0.0012415711168064238,
        "method": "aggregated",
        "predicate_occurrences": 396,
        "predicate_aggregated_score": 0.5634841170235814,
        "predicate_average_score": 0.0014229396894534882
    },
    "Offer1***schema:seller***?Place1": {
        "triple_occurrences": 99,
        "triple_aggregated_score": 0.15592406699747996,
        "triple_average_score": 0.001574990575732121,
        "method": "aggregated",
        "predicate_occurrences": 198,
        "predicate_aggregated_score": 0.9282286067228308,
        "predicate_average_score": 0.004688023266276924
    },
    "Offer1***schema:mainEntityOfPage***?CreativeWork1": {
        "triple_occurrences": 99,
        "triple_aggregated_score": 0.33967360159957494,
        "triple_average_score": 0.003431046480803787,
        "method": "aggregated",
        "predicate_occurrences": 396,
        "predicate_aggregated_score": 0.5634841170235814,
        "predicate_average_score": 0.0014229396894534882
    },
    "Offer1***schema:seller***?PersonOrOrganization1": {
        "triple_occurrences": 99,
        "triple_aggregated_score": 0.7723045397253511,
        "triple_average_score": 0.007801055956821728,
        "method": "aggregated",
        "predicate_occurrences": 198,
        "predicate_aggregated_score": 0.9282286067228308,
        "predicate_average_score": 0.004688023266276924
    },
    "Firearm1***schema:manufacturer***?Place1": {
        "triple_occurrences": 99,
        "triple_aggregated_score": 0.7772485774614377,
        "triple_average_score": 0.007850995731933715,
        "method": "aggregated",
        "predicate_occurrences": 179,
        "predicate_aggregated_score": 2.0111945997007115,
        "predicate_average_score": 0.011235724020674366
    },
    "Firearm1***schema:mainEntityOfPage***?CreativeWork1": {
        "triple_occurrences": 99,
        "triple_aggregated_score": 0.07031939308698468,
        "triple_average_score": 0.0007102968998685321,
        "method": "aggregated",
        "predicate_occurrences": 396,
        "predicate_aggregated_score": 0.5634841170235814,
        "predicate_average_score": 0.0014229396894534882
    }
}