{
    "Offer3***schema:mainEntityOfPage***?CreativeWork1": {
        "triple_occurrences": 32,
        "triple_aggregated_score": 0.0850050319000448,
        "triple_average_score": 0.0026564072468764,
        "method": "aggregated",
        "predicate_occurrences": 128,
        "predicate_aggregated_score": 0.2757877480470689,
        "predicate_average_score": 0.002154591781617726
    },
    "PersonOrOrganization1***schema:relatedTo***?Offer3": {
        "triple_occurrences": 32,
        "triple_aggregated_score": 0.05392868309806988,
        "triple_average_score": 0.0016852713468146836,
        "method": "aggregated",
        "predicate_occurrences": 474,
        "predicate_aggregated_score": 0.4603048502417371,
        "predicate_average_score": 0.0009711072789910065
    },
    "Offer2***schema:relatedTo***?Offer1": {
        "triple_occurrences": 32,
        "triple_aggregated_score": 0.01783438912893429,
        "triple_average_score": 0.0005573246602791965,
        "method": "aggregated",
        "predicate_occurrences": 474,
        "predicate_aggregated_score": 0.4603048502417371,
        "predicate_average_score": 0.0009711072789910065
    },
    "Offer2***schema:mainEntityOfPage***?CreativeWork1": {
        "triple_occurrences": 32,
        "triple_aggregated_score": 0.09331229545363923,
        "triple_average_score": 0.002916009232926226,
        "method": "aggregated",
        "predicate_occurrences": 128,
        "predicate_aggregated_score": 0.2757877480470689,
        "predicate_average_score": 0.002154591781617726
    },
    "Offer2***schema:relatedTo***?Offer3": {
        "triple_occurrences": 31,
        "triple_aggregated_score": 0.008621588653324276,
        "triple_average_score": 0.00027811576301046053,
        "method": "aggregated",
        "predicate_occurrences": 474,
        "predicate_aggregated_score": 0.4603048502417371,
        "predicate_average_score": 0.0009711072789910065
    },
    "Offer1***schema:relatedTo***?Offer1": {
        "triple_occurrences": 32,
        "triple_aggregated_score": 0.008275037114593797,
        "triple_average_score": 0.00025859490983105616,
        "method": "aggregated",
        "predicate_occurrences": 474,
        "predicate_aggregated_score": 0.4603048502417371,
        "predicate_average_score": 0.0009711072789910065
    },
    "PersonOrOrganization1***schema:mainEntityOfPage***?CreativeWork1": {
        "triple_occurrences": 32,
        "triple_aggregated_score": 0.020596301543425614,
        "triple_average_score": 0.0006436344232320505,
        "method": "aggregated",
        "predicate_occurrences": 128,
        "predicate_aggregated_score": 0.2757877480470689,
        "predicate_average_score": 0.002154591781617726
    },
    "Offer2***schema:relatedTo***?PersonOrOrganization1": {
        "triple_occurrences": 32,
        "triple_aggregated_score": 0.06906046555986232,
        "triple_average_score": 0.0021581395487456976,
        "method": "aggregated",
        "predicate_occurrences": 474,
        "predicate_aggregated_score": 0.4603048502417371,
        "predicate_average_score": 0.0009711072789910065
    },
    "PersonOrOrganization1***schema:relatedTo***?Offer2": {
        "triple_occurrences": 32,
        "triple_aggregated_score": 0.06906046555986232,
        "triple_average_score": 0.0021581395487456976,
        "method": "aggregated",
        "predicate_occurrences": 474,
        "predicate_aggregated_score": 0.4603048502417371,
        "predicate_average_score": 0.0009711072789910065
    },
    "PersonOrOrganization1***schema:relatedTo***?Offer1": {
        "triple_occurrences": 32,
        "triple_aggregated_score": 0.05337366851593817,
        "triple_average_score": 0.001667927141123068,
        "method": "aggregated",
        "predicate_occurrences": 474,
        "predicate_aggregated_score": 0.4603048502417371,
        "predicate_average_score": 0.0009711072789910065
    },
    "Offer3***schema:seller***?PersonOrOrganization1": {
        "triple_occurrences": 32,
        "triple_aggregated_score": 0.17858457578750972,
        "triple_average_score": 0.005580767993359679,
        "method": "aggregated",
        "predicate_occurrences": 96,
        "predicate_aggregated_score": 0.47037204718995135,
        "predicate_average_score": 0.0048997088248953265
    },
    "Offer2***schema:seller***?PersonOrOrganization1": {
        "triple_occurrences": 32,
        "triple_aggregated_score": 0.19256293547351772,
        "triple_average_score": 0.006017591733547429,
        "method": "aggregated",
        "predicate_occurrences": 96,
        "predicate_aggregated_score": 0.47037204718995135,
        "predicate_average_score": 0.0048997088248953265
    },
    "Offer3***schema:relatedTo***?Offer1": {
        "triple_occurrences": 32,
        "triple_aggregated_score": 0.015976261732673084,
        "triple_average_score": 0.0004992581791460339,
        "method": "aggregated",
        "predicate_occurrences": 474,
        "predicate_aggregated_score": 0.4603048502417371,
        "predicate_average_score": 0.0009711072789910065
    },
    "Offer1***schema:relatedTo***?Offer3": {
        "triple_occurrences": 32,
        "triple_aggregated_score": 0.015976261732673087,
        "triple_average_score": 0.000499258179146034,
        "method": "aggregated",
        "predicate_occurrences": 474,
        "predicate_aggregated_score": 0.4603048502417371,
        "predicate_average_score": 0.0009711072789910065
    },
    "Offer1***schema:relatedTo***?Offer2": {
        "triple_occurrences": 32,
        "triple_aggregated_score": 0.07133755651573717,
        "triple_average_score": 0.0005573246602791967,
        "method": "aggregated",
        "predicate_occurrences": 474,
        "predicate_aggregated_score": 0.4603048502417371,
        "predicate_average_score": 0.0009711072789910065
    },
    "Offer1***schema:mainEntityOfPage***?CreativeWork1": {
        "triple_occurrences": 32,
        "triple_aggregated_score": 0.9993635489494698,
        "triple_average_score": 0.0024023162234362255,
        "method": "aggregated",
        "predicate_occurrences": 128,
        "predicate_aggregated_score": 0.2757877480470689,
        "predicate_average_score": 0.002154591781617726
    },
    "Offer3***schema:relatedTo***?Offer3": {
        "triple_occurrences": 29,
        "triple_aggregated_score": 0.005430472564160541,
        "triple_average_score": 0.00018725767462622554,
        "method": "aggregated",
        "predicate_occurrences": 474,
        "predicate_aggregated_score": 0.4603048502417371,
        "predicate_average_score": 0.0009711072789910065
    },
    "Offer1***schema:relatedTo***?PersonOrOrganization1": {
        "triple_occurrences": 32,
        "triple_aggregated_score": 0.053373668515938166,
        "triple_average_score": 0.0016679271411230677,
        "method": "aggregated",
        "predicate_occurrences": 474,
        "predicate_aggregated_score": 0.4603048502417371,
        "predicate_average_score": 0.0009711072789910065
    },
    "Offer1***schema:seller***?PersonOrOrganization1": {
        "triple_occurrences": 32,
        "triple_aggregated_score": 1.0914698952181625,
        "triple_average_score": 0.0031007667477788705,
        "method": "aggregated",
        "predicate_occurrences": 96,
        "predicate_aggregated_score": 0.47037204718995135,
        "predicate_average_score": 0.0048997088248953265
    },
    "Offer3***schema:relatedTo***?PersonOrOrganization1": {
        "triple_occurrences": 32,
        "triple_aggregated_score": 0.05392868309806988,
        "triple_average_score": 0.0016852713468146836,
        "method": "aggregated",
        "predicate_occurrences": 474,
        "predicate_aggregated_score": 0.4603048502417371,
        "predicate_average_score": 0.0009711072789910065
    },
    "Offer2***schema:relatedTo***?Offer2": {
        "triple_occurrences": 31,
        "triple_aggregated_score": 0.009009227185378913,