{
    "Offer3***schema:mainEntityOfPage***?CreativeWork1": {
        "triple_occurrences": 32,
        "triple_aggregated_score": 2.720161020801433,
        "triple_average_score": 0.0026564072468763995,
        "method": "aggregated",
        "predicate_occurrences": 128,
        "predicate_aggregated_score": 0.27578774804706874,
        "predicate_average_score": 0.0021545917816177245
    },
    "PersonOrOrganization1***schema:relatedTo***?Offer3": {
        "triple_occurrences": 32,
        "triple_aggregated_score": 1.7257178591382363,
        "triple_average_score": 0.0016852713468146839,
        "method": "aggregated",
        "predicate_occurrences": 474,
        "predicate_aggregated_score": 0.460304850241737,
        "predicate_average_score": 0.0009711072789910063
    },
    "Offer2***schema:relatedTo***?Offer1": {
        "triple_occurrences": 32,
        "triple_aggregated_score": 0.5707004521258973,
        "triple_average_score": 0.0005573246602791965,
        "method": "aggregated",
        "predicate_occurrences": 474,
        "predicate_aggregated_score": 0.460304850241737,
        "predicate_average_score": 0.0009711072789910063
    },
    "Offer2***schema:mainEntityOfPage***?CreativeWork1": {
        "triple_occurrences": 32,
        "triple_aggregated_score": 2.985993454516455,
        "triple_average_score": 0.0029160092329262254,
        "method": "aggregated",
        "predicate_occurrences": 128,
        "predicate_aggregated_score": 0.27578774804706874,
        "predicate_average_score": 0.0021545917816177245
    },
    "Offer2***schema:relatedTo***?Offer3": {
        "triple_occurrences": 31,
        "triple_aggregated_score": 0.26726924825305254,
        "triple_average_score": 0.00027811576301046053,
        "method": "aggregated",
        "predicate_occurrences": 474,
        "predicate_aggregated_score": 0.460304850241737,
        "predicate_average_score": 0.0009711072789910063
    },
    "Offer1***schema:relatedTo***?Offer1": {
        "triple_occurrences": 32,
        "triple_aggregated_score": 0.2648011876670015,
        "triple_average_score": 0.00025859490983105616,
        "method": "aggregated",
        "predicate_occurrences": 474,
        "predicate_aggregated_score": 0.460304850241737,
        "predicate_average_score": 0.0009711072789910063
    },
    "PersonOrOrganization1***schema:mainEntityOfPage***?CreativeWork1": {
        "triple_occurrences": 32,
        "triple_aggregated_score": 0.6590816493896194,
        "triple_average_score": 0.0006436344232320502,
        "method": "aggregated",
        "predicate_occurrences": 128,
        "predicate_aggregated_score": 0.27578774804706874,
        "predicate_average_score": 0.0021545917816177245
    },
    "Offer2***schema:relatedTo***?PersonOrOrganization1": {
        "triple_occurrences": 32,
        "triple_aggregated_score": 2.209934897915595,
        "triple_average_score": 0.002158139548745698,
        "method": "aggregated",
        "predicate_occurrences": 474,
        "predicate_aggregated_score": 0.460304850241737,
        "predicate_average_score": 0.0009711072789910063
    },
    "PersonOrOrganization1***schema:relatedTo***?Offer2": {
        "triple_occurrences": 32,
        "triple_aggregated_score": 2.209934897915595,
        "triple_average_score": 0.002158139548745698,
        "method": "aggregated",
        "predicate_occurrences": 474,
        "predicate_aggregated_score": 0.460304850241737,
        "predicate_average_score": 0.0009711072789910063
    },
    "PersonOrOrganization1***schema:relatedTo***?Offer1": {
        "triple_occurrences": 32,
        "triple_aggregated_score": 1.7079573925100218,
        "triple_average_score": 0.0016679271411230681,
        "method": "aggregated",
        "predicate_occurrences": 474,
        "predicate_aggregated_score": 0.460304850241737,
        "predicate_average_score": 0.0009711072789910063
    },
    "Offer3***schema:seller***?PersonOrOrganization1": {
        "triple_occurrences": 32,
        "triple_aggregated_score": 5.714706425200315,
        "triple_average_score": 0.005580767993359682,
        "method": "aggregated",
        "predicate_occurrences": 96,
        "predicate_aggregated_score": 0.4703720471899514,
        "predicate_average_score": 0.004899708824895327
    },
    "Offer2***schema:seller***?PersonOrOrganization1": {
        "triple_occurrences": 32,
        "triple_aggregated_score": 6.162013935152568,
        "triple_average_score": 0.0060175917335474295,
        "method": "aggregated",
        "predicate_occurrences": 96,
        "predicate_aggregated_score": 0.4703720471899514,
        "predicate_average_score": 0.004899708824895327
    },
    "Offer3***schema:relatedTo***?Offer1": {
        "triple_occurrences": 32,
        "triple_aggregated_score": 0.5112403754455387,
        "triple_average_score": 0.0004992581791460339,
        "method": "aggregated",
        "predicate_occurrences": 474,
        "predicate_aggregated_score": 0.460304850241737,
        "predicate_average_score": 0.0009711072789910063
    },
    "Offer1***schema:relatedTo***?Offer3": {
        "triple_occurrences": 32,
        "triple_aggregated_score": 0.5112403754455387,
        "triple_average_score": 0.0004992581791460339,
        "method": "aggregated",
        "predicate_occurrences": 474,
        "predicate_aggregated_score": 0.460304850241737,
        "predicate_average_score": 0.0009711072789910063
    },
    "Offer1***schema:relatedTo***?Offer2": {
        "triple_occurrences": 32,
        "triple_aggregated_score": 0.5707004521258973,
        "triple_average_score": 0.0005573246602791965,
        "method": "aggregated",
        "predicate_occurrences": 474,
        "predicate_aggregated_score": 0.460304850241737,
        "predicate_average_score": 0.0009711072789910063
    },
    "Offer1***schema:mainEntityOfPage***?CreativeWork1": {
        "triple_occurrences": 32,
        "triple_aggregated_score": 2.4599718127986945,
        "triple_average_score": 0.002402316223436225,
        "method": "aggregated",
        "predicate_occurrences": 128,
        "predicate_aggregated_score": 0.27578774804706874,
        "predicate_average_score": 0.0021545917816177245
    },
    "Offer3***schema:relatedTo***?Offer3": {
        "triple_occurrences": 29,
        "triple_aggregated_score": 0.15748370436065567,
        "triple_average_score": 0.00018725767462622554,
        "method": "aggregated",
        "predicate_occurrences": 474,
        "predicate_aggregated_score": 0.460304850241737,
        "predicate_average_score": 0.0009711072789910063
    },
    "Offer1***schema:relatedTo***?PersonOrOrganization1": {
        "triple_occurrences": 32,
        "triple_aggregated_score": 1.7079573925100213,
        "triple_average_score": 0.0016679271411230677,
        "method": "aggregated",
        "predicate_occurrences": 474,
        "predicate_aggregated_score": 0.460304850241737,
        "predicate_average_score": 0.0009711072789910063
    },
    "Offer1***schema:seller***?PersonOrOrganization1": {
        "triple_occurrences": 32,
        "triple_aggregated_score": 3.1751851497255634,
        "triple_average_score": 0.0031007667477788705,
        "method": "aggregated",
        "predicate_occurrences": 96,
        "predicate_aggregated_score": 0.4703720471899514,
        "predicate_average_score": 0.004899708824895327
    },
    "Offer3***schema:relatedTo***?PersonOrOrganization1": {
        "triple_occurrences": 32,
        "triple_aggregated_score": 1.725717859138236,
        "triple_average_score": 0.0016852713468146836,
        "method": "aggregated",
        "predicate_occurrences": 474,
        "predicate_aggregated_score": 0.460304850241737,
        "predicate_average_score": 0.0009711072789910063
    },
    "Offer2***schema:relatedTo***?Offer2": {
        "triple_occurrences": 31,
        "triple_aggregated_score": 0.2792860427467463,
        "triple_average_score": 0.0002906202317864165,