{
    "Offer3***schema:mainEntityOfPage***?CreativeWork1": {
        "triple_occurrences": 32,
        "triple_aggregated_score": 2.7201610208014335,
        "triple_average_score": 0.0026564072468764,
        "method": "aggregated",
        "predicate_occurrences": 128,
        "predicate_aggregated_score": 0.27578774804706885,
        "predicate_average_score": 0.0021545917816177254
    },
    "PersonOrOrganization1***schema:relatedTo***?Offer3": {
        "triple_occurrences": 32,
        "triple_aggregated_score": 1.7257178591382356,
        "triple_average_score": 0.0016852713468146832,
        "method": "aggregated",
        "predicate_occurrences": 474,
        "predicate_aggregated_score": 0.460304850241737,
        "predicate_average_score": 0.0009711072789910063
    },
    "Offer2***schema:relatedTo***?Offer1": {
        "triple_occurrences": 32,
        "triple_aggregated_score": 0.5707004521258974,
        "triple_average_score": 0.0005573246602791967,
        "method": "aggregated",
        "predicate_occurrences": 474,
        "predicate_aggregated_score": 0.460304850241737,
        "predicate_average_score": 0.0009711072789910063
    },
    "Offer2***schema:mainEntityOfPage***?CreativeWork1": {
        "triple_occurrences": 32,
        "triple_aggregated_score": 2.9859934545164553,
        "triple_average_score": 0.002916009232926226,
        "method": "aggregated",
        "predicate_occurrences": 128,
        "predicate_aggregated_score": 0.27578774804706885,
        "predicate_average_score": 0.0021545917816177254
    },
    "Offer2***schema:relatedTo***?Offer3": {
        "triple_occurrences": 31,
        "triple_aggregated_score": 0.2672692482530525,
        "triple_average_score": 0.0002781157630104605,
        "method": "aggregated",
        "predicate_occurrences": 474,
        "predicate_aggregated_score": 0.460304850241737,
        "predicate_average_score": 0.0009711072789910063
    },
    "Offer1***schema:relatedTo***?Offer1": {
        "triple_occurrences": 32,
        "triple_aggregated_score": 0.2648011876670015,
        "triple_average_score": 0.00025859490983105616,
        "method": "aggregated",
        "predicate_occurrences": 474,
        "predicate_aggregated_score": 0.460304850241737,
        "predicate_average_score": 0.0009711072789910063
    },
    "PersonOrOrganization1***schema:mainEntityOfPage***?CreativeWork1": {
        "triple_occurrences": 32,
        "triple_aggregated_score": 0.6590816493896197,
        "triple_average_score": 0.0006436344232320505,
        "method": "aggregated",
        "predicate_occurrences": 128,
        "predicate_aggregated_score": 0.27578774804706885,
        "predicate_average_score": 0.0021545917816177254
    },
    "Offer2***schema:relatedTo***?PersonOrOrganization1": {
        "triple_occurrences": 32,
        "triple_aggregated_score": 2.209934897915595,
        "triple_average_score": 0.002158139548745698,
        "method": "aggregated",
        "predicate_occurrences": 474,
        "predicate_aggregated_score": 0.460304850241737,
        "predicate_average_score": 0.0009711072789910063
    },
    "PersonOrOrganization1***schema:relatedTo***?Offer2": {
        "triple_occurrences": 32,
        "triple_aggregated_score": 2.2099348979155944,
        "triple_average_score": 0.0021581395487456976,
        "method": "aggregated",
        "predicate_occurrences": 474,
        "predicate_aggregated_score": 0.460304850241737,
        "predicate_average_score": 0.0009711072789910063
    },
    "PersonOrOrganization1***schema:relatedTo***?Offer1": {
        "triple_occurrences": 32,
        "triple_aggregated_score": 1.7079573925100218,
        "triple_average_score": 0.0016679271411230681,
        "method": "aggregated",
        "predicate_occurrences": 474,
        "predicate_aggregated_score": 0.460304850241737,
        "predicate_average_score": 0.0009711072789910063
    },
    "Offer3***schema:seller***?PersonOrOrganization1": {
        "triple_occurrences": 32,
        "triple_aggregated_score": 5.714706425200313,
        "triple_average_score": 0.0055807679933596805,
        "method": "aggregated",
        "predicate_occurrences": 96,
        "predicate_aggregated_score": 0.47037204718995124,
        "predicate_average_score": 0.004899708824895326
    },
    "Offer2***schema:seller***?PersonOrOrganization1": {
        "triple_occurrences": 32,
        "triple_aggregated_score": 6.162013935152567,
        "triple_average_score": 0.006017591733547429,
        "method": "aggregated",
        "predicate_occurrences": 96,
        "predicate_aggregated_score": 0.47037204718995124,
        "predicate_average_score": 0.004899708824895326
    },
    "Offer3***schema:relatedTo***?Offer1": {
        "triple_occurrences": 32,
        "triple_aggregated_score": 0.5112403754455386,
        "triple_average_score": 0.0004992581791460338,
        "method": "aggregated",
        "predicate_occurrences": 474,
        "predicate_aggregated_score": 0.460304850241737,
        "predicate_average_score": 0.0009711072789910063
    },
    "Offer1***schema:relatedTo***?Offer3": {
        "triple_occurrences": 32,
        "triple_aggregated_score": 0.5112403754455386,
        "triple_average_score": 0.0004992581791460338,
        "method": "aggregated",
        "predicate_occurrences": 474,
        "predicate_aggregated_score": 0.460304850241737,
        "predicate_average_score": 0.0009711072789910063
    },
    "Offer1***schema:relatedTo***?Offer2": {
        "triple_occurrences": 32,
        "triple_aggregated_score": 0.5707004521258974,
        "triple_average_score": 0.0005573246602791967,
        "method": "aggregated",
        "predicate_occurrences": 474,
        "predicate_aggregated_score": 0.460304850241737,
        "predicate_average_score": 0.0009711072789910063
    },
    "Offer1***schema:mainEntityOfPage***?CreativeWork1": {
        "triple_occurrences": 32,
        "triple_aggregated_score": 2.4599718127986945,
        "triple_average_score": 0.002402316223436225,
        "method": "aggregated",
        "predicate_occurrences": 128,
        "predicate_aggregated_score": 0.27578774804706885,
        "predicate_average_score": 0.0021545917816177254
    },
    "Offer3***schema:relatedTo***?Offer3": {
        "triple_occurrences": 29,
        "triple_aggregated_score": 0.15748370436065567,
        "triple_average_score": 0.00018725767462622554,
        "method": "aggregated",
        "predicate_occurrences": 474,
        "predicate_aggregated_score": 0.460304850241737,
        "predicate_average_score": 0.0009711072789910063
    },
    "Offer1***schema:relatedTo***?PersonOrOrganization1": {
        "triple_occurrences": 32,
        "triple_aggregated_score": 1.7079573925100218,
        "triple_average_score": 0.0016679271411230681,
        "method": "aggregated",
        "predicate_occurrences": 474,
        "predicate_aggregated_score": 0.460304850241737,
        "predicate_average_score": 0.0009711072789910063
    },
    "Offer1***schema:seller***?PersonOrOrganization1": {
        "triple_occurrences": 32,
        "triple_aggregated_score": 3.175185149725564,
        "triple_average_score": 0.003100766747778871,
        "method": "aggregated",
        "predicate_occurrences": 96,
        "predicate_aggregated_score": 0.47037204718995124,
        "predicate_average_score": 0.004899708824895326
    },
    "Offer3***schema:relatedTo***?PersonOrOrganization1": {
        "triple_occurrences": 32,
        "triple_aggregated_score": 1.725717859138236,
        "triple_average_score": 0.0016852713468146836,
        "method": "aggregated",
        "predicate_occurrences": 474,
        "predicate_aggregated_score": 0.460304850241737,
        "predicate_average_score": 0.0009711072789910063
    },
    "Offer2***schema:relatedTo***?Offer2": {
        "triple_occurrences": 31,
        "triple_aggregated_score": 0.27928604274674634,
        "triple_average_score": 0.00029062023178641656,