{
    "Offer1***schema:itemOffered***?Firearm1": {
        "triple_occurrences": 99,
        "triple_aggregated_score": 0.21164794229582257,
        "triple_average_score": 0.0021378580029881066,
        "method": "aggregated",
        "predicate_occurrences": 99,
        "predicate_aggregated_score": 0.21164794229582257,
        "predicate_average_score": 0.0021378580029881066
    },
    "Place1***schema:mainEntityOfPage***?CreativeWork1": {
        "triple_occurrences": 99,
        "triple_aggregated_score": 0.2326506512316466,
        "triple_average_score": 0.0023500065780974405,
        "method": "aggregated",
        "predicate_occurrences": 396,
        "predicate_aggregated_score": 1.6964751290395628,
        "predicate_average_score": 0.00428402810363526
    },
    "Firearm1***schema:manufacturer***?PersonOrOrganization1": {
        "triple_occurrences": 93,
        "triple_aggregated_score": 1.5837742962862644,
        "triple_average_score": 0.017029831142863057,
        "method": "aggregated",
        "predicate_occurrences": 174,
        "predicate_aggregated_score": 1.697221557061364,
        "predicate_average_score": 0.00975414687966301
    },
    "Offer1***schema:availableAtOrFrom***?Place1": {
        "triple_occurrences": 99,
        "triple_aggregated_score": 0.2835607740231117,
        "triple_average_score": 0.002864250242657694,
        "method": "aggregated",
        "predicate_occurrences": 99,
        "predicate_aggregated_score": 0.2835607740231117,
        "predicate_average_score": 0.002864250242657694
    },
    "PersonOrOrganization1***schema:mainEntityOfPage***?CreativeWork1": {
        "triple_occurrences": 99,
        "triple_aggregated_score": 0.14765385519862023,
        "triple_average_score": 0.0014914530828143459,
        "method": "aggregated",
        "predicate_occurrences": 396,
        "predicate_aggregated_score": 1.6964751290395628,
        "predicate_average_score": 0.00428402810363526
    },
    "Offer1***schema:seller***?Place1": {
        "triple_occurrences": 99,
        "triple_aggregated_score": 0.06997312249141847,
        "triple_average_score": 0.0007067992170850351,
        "method": "aggregated",
        "predicate_occurrences": 198,
        "predicate_aggregated_score": 0.5812945421073175,
        "predicate_average_score": 0.0029358310207440274
    },
    "Offer1***schema:mainEntityOfPage***?CreativeWork1": {
        "triple_occurrences": 99,
        "triple_aggregated_score": 1.2008731460948903,
        "triple_average_score": 0.012130031778736266,
        "method": "aggregated",
        "predicate_occurrences": 396,
        "predicate_aggregated_score": 1.6964751290395628,
        "predicate_average_score": 0.00428402810363526
    },
    "Offer1***schema:seller***?PersonOrOrganization1": {
        "triple_occurrences": 99,
        "triple_aggregated_score": 0.5113214196158992,
        "triple_average_score": 0.005164862824403022,
        "method": "aggregated",
        "predicate_occurrences": 198,
        "predicate_aggregated_score": 0.5812945421073175,
        "predicate_average_score": 0.0029358310207440274
    },
    "Firearm1***schema:manufacturer***?Place1": {
        "triple_occurrences": 81,
        "triple_aggregated_score": 0.11344726077510017,
        "triple_average_score": 0.0014005834663592615,
        "method": "aggregated",
        "predicate_occurrences": 174,
        "predicate_aggregated_score": 1.697221557061364,
        "predicate_average_score": 0.00975414687966301
    },
    "Firearm1***schema:mainEntityOfPage***?CreativeWork1": {
        "triple_occurrences": 99,
        "triple_aggregated_score": 0.11529747651440454,
        "triple_average_score": 0.0011646209748929753,
        "method": "aggregated",
        "predicate_occurrences": 396,
        "predicate_aggregated_score": 1.6964751290395628,
        "predicate_average_score": 0.00428402810363526
    }
}