{
    "Offer1***schema:itemOffered***?Firearm1": {
        "triple_occurrences": 99,
        "triple_aggregated_score": 1.6931835383665805,
        "triple_average_score": 0.0021378580029881066,
        "method": "aggregated",
        "predicate_occurrences": 99,
        "predicate_aggregated_score": 0.21164794229582257,
        "predicate_average_score": 0.0021378580029881066
    },
    "Place1***schema:mainEntityOfPage***?CreativeWork1": {
        "triple_occurrences": 99,
        "triple_aggregated_score": 0.23265065123164666,
        "triple_average_score": 0.002350006578097441,
        "method": "aggregated",
        "predicate_occurrences": 396,
        "predicate_aggregated_score": 1.6964751290395623,
        "predicate_average_score": 0.004284028103635258
    },
    "Firearm1***schema:manufacturer***?PersonOrOrganization1": {
        "triple_occurrences": 93,
        "triple_aggregated_score": 1.5837742962862642,
        "triple_average_score": 0.017029831142863057,
        "method": "aggregated",
        "predicate_occurrences": 174,
        "predicate_aggregated_score": 1.6972215570613638,
        "predicate_average_score": 0.00975414687966301
    },
    "Offer1***schema:availableAtOrFrom***?Place1": {
        "triple_occurrences": 99,
        "triple_aggregated_score": 2.2684861921848927,
        "triple_average_score": 0.0028642502426576926,
        "method": "aggregated",
        "predicate_occurrences": 99,
        "predicate_aggregated_score": 0.2835607740231116,
        "predicate_average_score": 0.0028642502426576926
    },
    "PersonOrOrganization1***schema:mainEntityOfPage***?CreativeWork1": {
        "triple_occurrences": 99,
        "triple_aggregated_score": 0.14765385519862023,
        "triple_average_score": 0.0014914530828143459,
        "method": "aggregated",
        "predicate_occurrences": 396,
        "predicate_aggregated_score": 1.6964751290395623,
        "predicate_average_score": 0.004284028103635258
    },
    "Offer1***schema:seller***?Place1": {
        "triple_occurrences": 99,
        "triple_aggregated_score": 0.06997312249141849,
        "triple_average_score": 0.0007067992170850352,
        "method": "aggregated",
        "predicate_occurrences": 198,
        "predicate_aggregated_score": 0.5812945421073177,
        "predicate_average_score": 0.0029358310207440287
    },
    "Offer1***schema:mainEntityOfPage***?CreativeWork1": {
        "triple_occurrences": 99,
        "triple_aggregated_score": 15.61135089923358,
        "triple_average_score": 0.01213003177873627,
        "method": "aggregated",
        "predicate_occurrences": 396,
        "predicate_aggregated_score": 1.6964751290395623,
        "predicate_average_score": 0.004284028103635258
    },
    "Offer1***schema:seller***?PersonOrOrganization1": {
        "triple_occurrences": 99,
        "triple_aggregated_score": 5.62453561577489,
        "triple_average_score": 0.005164862824403021,
        "method": "aggregated",
        "predicate_occurrences": 198,
        "predicate_aggregated_score": 0.5812945421073177,
        "predicate_average_score": 0.0029358310207440287
    },
    "Firearm1***schema:manufacturer***?Place1": {
        "triple_occurrences": 81,
        "triple_aggregated_score": 0.11344726077510023,
        "triple_average_score": 0.0014005834663592621,
        "method": "aggregated",
        "predicate_occurrences": 174,
        "predicate_aggregated_score": 1.6972215570613638,
        "predicate_average_score": 0.00975414687966301
    },
    "Firearm1***schema:mainEntityOfPage***?CreativeWork1": {
        "triple_occurrences": 99,
        "triple_aggregated_score": 0.11529747651440454,
        "triple_average_score": 0.0011646209748929753,
        "method": "aggregated",
        "predicate_occurrences": 396,
        "predicate_aggregated_score": 1.6964751290395623,
        "predicate_average_score": 0.004284028103635258
    }
}