{
    "Offer2***schema:relatedTo***?Offer1": {
        "triple_occurrences": 75,
        "triple_aggregated_score": 0.23940387517227024,
        "triple_average_score": 0.0031920516689636033,
        "method": "aggregated",
        "predicate_occurrences": 564,
        "predicate_aggregated_score": 1.4219659195497314,
        "predicate_average_score": 0.0025212161694144176
    },
    "Offer2***schema:mainEntityOfPage***?CreativeWork1": {
        "triple_occurrences": 75,
        "triple_aggregated_score": 0.330842007013011,
        "triple_average_score": 0.00441122676017348,
        "method": "aggregated",
        "predicate_occurrences": 225,
        "predicate_aggregated_score": 0.9115471371116546,
        "predicate_average_score": 0.0040513206093851315
    },
    "Offer1***schema:relatedTo***?Offer1": {
        "triple_occurrences": 75,
        "triple_aggregated_score": 0.11311734734783238,
        "triple_average_score": 0.0015082312979710984,
        "method": "aggregated",
        "predicate_occurrences": 564,
        "predicate_aggregated_score": 1.4219659195497314,
        "predicate_average_score": 0.0025212161694144176
    },
    "PersonOrOrganization1***schema:mainEntityOfPage***?CreativeWork1": {
        "triple_occurrences": 75,
        "triple_aggregated_score": 0.15481254130535496,
        "triple_average_score": 0.0020641672174047327,
        "method": "aggregated",
        "predicate_occurrences": 225,
        "predicate_aggregated_score": 0.9115471371116546,
        "predicate_average_score": 0.0040513206093851315
    },
    "Offer2***schema:relatedTo***?PersonOrOrganization1": {
        "triple_occurrences": 74,
        "triple_aggregated_score": 0.15622664288498167,
        "triple_average_score": 0.0021111708497970495,
        "method": "aggregated",
        "predicate_occurrences": 564,
        "predicate_aggregated_score": 1.4219659195497314,
        "predicate_average_score": 0.0025212161694144176
    },
    "PersonOrOrganization1***schema:relatedTo***?Offer2": {
        "triple_occurrences": 74,
        "triple_aggregated_score": 0.15622664288498164,
        "triple_average_score": 0.002111170849797049,
        "method": "aggregated",
        "predicate_occurrences": 564,
        "predicate_aggregated_score": 1.4219659195497314,
        "predicate_average_score": 0.0025212161694144176
    },
    "PersonOrOrganization1***schema:relatedTo***?Offer1": {
        "triple_occurrences": 75,
        "triple_aggregated_score": 0.2343602258651475,
        "triple_average_score": 0.0031248030115353,
        "method": "aggregated",
        "predicate_occurrences": 564,
        "predicate_aggregated_score": 1.4219659195497314,
        "predicate_average_score": 0.0025212161694144176
    },
    "Offer2***schema:seller***?PersonOrOrganization1": {
        "triple_occurrences": 74,
        "triple_aggregated_score": 0.3366381392716605,
        "triple_average_score": 0.004549164044211628,
        "method": "aggregated",
        "predicate_occurrences": 149,
        "predicate_aggregated_score": 0.7721750140953637,
        "predicate_average_score": 0.005182382644935327
    },
    "Offer1***schema:relatedTo***?Offer2": {
        "triple_occurrences": 75,
        "triple_aggregated_score": 0.9576155006890811,
        "triple_average_score": 0.0031920516689636037,
        "method": "aggregated",
        "predicate_occurrences": 564,
        "predicate_aggregated_score": 1.4219659195497314,
        "predicate_average_score": 0.0025212161694144176
    },
    "Offer1***schema:mainEntityOfPage***?CreativeWork1": {
        "triple_occurrences": 75,
        "triple_aggregated_score": 5.536603654312751,
        "triple_average_score": 0.00567856785057718,
        "method": "aggregated",
        "predicate_occurrences": 225,
        "predicate_aggregated_score": 0.9115471371116546,
        "predicate_average_score": 0.0040513206093851315
    },
    "Offer1***schema:relatedTo***?PersonOrOrganization1": {
        "triple_occurrences": 75,
        "triple_aggregated_score": 0.23436022586514738,
        "triple_average_score": 0.0031248030115352985,
        "method": "aggregated",
        "predicate_occurrences": 564,
        "predicate_aggregated_score": 1.4219659195497314,
        "predicate_average_score": 0.0025212161694144176
    },
    "Offer1***schema:seller***?PersonOrOrganization1": {
        "triple_occurrences": 75,
        "triple_aggregated_score": 4.790905623060735,
        "triple_average_score": 0.005807158330982709,
        "method": "aggregated",
        "predicate_occurrences": 149,
        "predicate_aggregated_score": 0.7721750140953637,
        "predicate_average_score": 0.005182382644935327
    },
    "Offer2***schema:relatedTo***?Offer2": {
        "triple_occurrences": 41,
        "triple_aggregated_score": 0.04886708435710097,
        "triple_average_score": 0.0011918801062707554,
        "method": "aggregated",
        "predicate_occurrences": 564,
        "predicate_aggregated_score": 1.4219659195497314,
        "predicate_average_score": 0.0025212161694144176
    }
}