{
    "Offer2***schema:mainEntityOfPage***?CreativeWork1": {
        "triple_occurrences": 75,
        "triple_aggregated_score": 0.3308420070130109,
        "triple_average_score": 0.004411226760173479,
        "method": "aggregated",
        "predicate_occurrences": 225,
        "predicate_aggregated_score": 0.9115471371116546,
        "predicate_average_score": 0.0040513206093851315
    },
    "PersonOrOrganization1***schema:mainEntityOfPage***?CreativeWork1": {
        "triple_occurrences": 75,
        "triple_aggregated_score": 0.154812541305355,
        "triple_average_score": 0.002064167217404733,
        "method": "aggregated",
        "predicate_occurrences": 225,
        "predicate_aggregated_score": 0.9115471371116546,
        "predicate_average_score": 0.0040513206093851315
    },
    "Offer2***schema:seller***?PersonOrOrganization1": {
        "triple_occurrences": 74,
        "triple_aggregated_score": 0.3366381392716606,
        "triple_average_score": 0.00454916404421163,
        "method": "aggregated",
        "predicate_occurrences": 149,
        "predicate_aggregated_score": 0.7721750140953639,
        "predicate_average_score": 0.005182382644935328
    },
    "Offer1***schema:mainEntityOfPage***?CreativeWork1": {
        "triple_occurrences": 75,
        "triple_aggregated_score": 0.4258925887932886,
        "triple_average_score": 0.005678567850577181,
        "method": "aggregated",
        "predicate_occurrences": 225,
        "predicate_aggregated_score": 0.9115471371116546,
        "predicate_average_score": 0.0040513206093851315
    },
    "Offer1***schema:seller***?PersonOrOrganization1": {
        "triple_occurrences": 75,
        "triple_aggregated_score": 0.4355368748237033,
        "triple_average_score": 0.005807158330982711,
        "method": "aggregated",
        "predicate_occurrences": 149,
        "predicate_aggregated_score": 0.7721750140953639,
        "predicate_average_score": 0.005182382644935328
    }
}