{
    "Offer2***schema:relatedTo***?Offer1": {
        "triple_occurrences": 75,
        "triple_aggregated_score": 17.95529063792026,
        "triple_average_score": 0.003192051668963602,
        "method": "aggregated",
        "predicate_occurrences": 564,
        "predicate_aggregated_score": 1.4219659195497316,
        "predicate_average_score": 0.0025212161694144176
    },
    "Offer2***schema:mainEntityOfPage***?CreativeWork1": {
        "triple_occurrences": 75,
        "triple_aggregated_score": 24.813150525975818,
        "triple_average_score": 0.004411226760173479,
        "method": "aggregated",
        "predicate_occurrences": 225,
        "predicate_aggregated_score": 0.9115471371116545,
        "predicate_average_score": 0.004051320609385131
    },
    "Offer1***schema:relatedTo***?Offer1": {
        "triple_occurrences": 75,
        "triple_aggregated_score": 8.483801051087429,
        "triple_average_score": 0.0015082312979710984,
        "method": "aggregated",
        "predicate_occurrences": 564,
        "predicate_aggregated_score": 1.4219659195497316,
        "predicate_average_score": 0.0025212161694144176
    },
    "PersonOrOrganization1***schema:mainEntityOfPage***?CreativeWork1": {
        "triple_occurrences": 75,
        "triple_aggregated_score": 11.610940597901628,
        "triple_average_score": 0.002064167217404734,
        "method": "aggregated",
        "predicate_occurrences": 225,
        "predicate_aggregated_score": 0.9115471371116545,
        "predicate_average_score": 0.004051320609385131
    },
    "Offer2***schema:relatedTo***?PersonOrOrganization1": {
        "triple_occurrences": 74,
        "triple_aggregated_score": 11.560771573488642,
        "triple_average_score": 0.002111170849797049,
        "method": "aggregated",
        "predicate_occurrences": 564,
        "predicate_aggregated_score": 1.4219659195497316,
        "predicate_average_score": 0.0025212161694144176
    },
    "PersonOrOrganization1***schema:relatedTo***?Offer2": {
        "triple_occurrences": 74,
        "triple_aggregated_score": 11.560771573488639,
        "triple_average_score": 0.002111170849797049,
        "method": "aggregated",
        "predicate_occurrences": 564,
        "predicate_aggregated_score": 1.4219659195497316,
        "predicate_average_score": 0.0025212161694144176
    },
    "PersonOrOrganization1***schema:relatedTo***?Offer1": {
        "triple_occurrences": 75,
        "triple_aggregated_score": 17.57701693988606,
        "triple_average_score": 0.0031248030115352994,
        "method": "aggregated",
        "predicate_occurrences": 564,
        "predicate_aggregated_score": 1.4219659195497316,
        "predicate_average_score": 0.0025212161694144176
    },
    "Offer2***schema:seller***?PersonOrOrganization1": {
        "triple_occurrences": 74,
        "triple_aggregated_score": 24.91122230610288,
        "triple_average_score": 0.004549164044211629,
        "method": "aggregated",
        "predicate_occurrences": 149,
        "predicate_aggregated_score": 0.772175014095364,
        "predicate_average_score": 0.005182382644935329
    },
    "Offer1***schema:relatedTo***?Offer2": {
        "triple_occurrences": 75,
        "triple_aggregated_score": 17.955290637920267,
        "triple_average_score": 0.0031920516689636033,
        "method": "aggregated",
        "predicate_occurrences": 564,
        "predicate_aggregated_score": 1.4219659195497316,
        "predicate_average_score": 0.0025212161694144176
    },
    "Offer1***schema:mainEntityOfPage***?CreativeWork1": {
        "triple_occurrences": 75,
        "triple_aggregated_score": 31.941944159496643,
        "triple_average_score": 0.0056785678505771806,
        "method": "aggregated",
        "predicate_occurrences": 225,
        "predicate_aggregated_score": 0.9115471371116545,
        "predicate_average_score": 0.004051320609385131
    },
    "Offer1***schema:relatedTo***?PersonOrOrganization1": {
        "triple_occurrences": 75,
        "triple_aggregated_score": 17.57701693988606,
        "triple_average_score": 0.0031248030115353,
        "method": "aggregated",
        "predicate_occurrences": 564,
        "predicate_aggregated_score": 1.4219659195497316,
        "predicate_average_score": 0.0025212161694144176
    },
    "Offer1***schema:seller***?PersonOrOrganization1": {
        "triple_occurrences": 75,
        "triple_aggregated_score": 32.66526561177774,
        "triple_average_score": 0.00580715833098271,
        "method": "aggregated",
        "predicate_occurrences": 149,
        "predicate_aggregated_score": 0.772175014095364,
        "predicate_average_score": 0.005182382644935329
    },
    "Offer2***schema:relatedTo***?Offer2": {
        "triple_occurrences": 41,
        "triple_aggregated_score": 2.00355045864114,
        "triple_average_score": 0.0011918801062707554,
        "method": "aggregated",
        "predicate_occurrences": 564,
        "predicate_aggregated_score": 1.4219659195497316,
        "predicate_average_score": 0.0025212161694144176
    }
}