{
    "PersonOrOrganization1***schema:contactPoint***?PostalAddress1": {
        "triple_occurrences": 17,
        "triple_aggregated_score": 0.30358931013047247,
        "triple_average_score": 0.017858194713557204,
        "method": "aggregated",
        "predicate_occurrences": 17,
        "predicate_aggregated_score": 0.30358931013047247,
        "predicate_average_score": 0.017858194713557204
    },
    "PostalAddress1***schema:mainEntityOfPage***?CreativeWork1": {
        "triple_occurrences": 21,
        "triple_aggregated_score": 0.027031712113240267,
        "triple_average_score": 0.0012872243863447745,
        "method": "aggregated",
        "predicate_occurrences": 63,
        "predicate_aggregated_score": 0.13953481012868643,
        "predicate_average_score": 0.002214838256010896
    },
    "PersonOrOrganization1***schema:mainEntityOfPage***?CreativeWork1": {
        "triple_occurrences": 21,
        "triple_aggregated_score": 0.0488464518098676,
        "triple_average_score": 0.0023260215147556003,
        "method": "aggregated",
        "predicate_occurrences": 63,
        "predicate_aggregated_score": 0.13953481012868643,
        "predicate_average_score": 0.002214838256010896
    },
    "Offer1***schema:mainEntityOfPage***?CreativeWork1": {
        "triple_occurrences": 21,
        "triple_aggregated_score": 0.8275364006725213,
        "triple_average_score": 0.0030312688669323126,
        "method": "aggregated",
        "predicate_occurrences": 63,
        "predicate_aggregated_score": 0.13953481012868643,
        "predicate_average_score": 0.002214838256010896
    },
    "PersonOrOrganization1***schema:address***?PostalAddress1": {
        "triple_occurrences": 17,
        "triple_aggregated_score": 0.18345713850796452,
        "triple_average_score": 0.010791596382821442,
        "method": "aggregated",
        "predicate_occurrences": 17,
        "predicate_aggregated_score": 0.18345713850796452,
        "predicate_average_score": 0.010791596382821442
    },
    "Offer1***schema:seller***?PersonOrOrganization1": {
        "triple_occurrences": 21,
        "triple_aggregated_score": 1.443856061482271,
        "triple_average_score": 0.006250459140615892,
        "method": "aggregated",
        "predicate_occurrences": 21,
        "predicate_aggregated_score": 0.13125964195293374,
        "predicate_average_score": 0.006250459140615892
    }
}