{
    "Offer1***schema:itemOffered***?Firearm1": {
        "triple_occurrences": 43,
        "triple_aggregated_score": 0.3539406789652192,
        "triple_average_score": 0.008231178580586493,
        "method": "aggregated",
        "predicate_occurrences": 43,
        "predicate_aggregated_score": 0.3539406789652192,
        "predicate_average_score": 0.008231178580586493
    },
    "Firearm1***schema:manufacturer***?PersonOrOrganization1": {
        "triple_occurrences": 42,
        "triple_aggregated_score": 1.2685067088369075,
        "triple_average_score": 0.030202540686593036,
        "method": "aggregated",
        "predicate_occurrences": 42,
        "predicate_aggregated_score": 1.2685067088369075,
        "predicate_average_score": 0.030202540686593036
    },
    "PersonOrOrganization1***schema:mainEntityOfPage***?CreativeWork1": {
        "triple_occurrences": 43,
        "triple_aggregated_score": 0.03093503740529001,
        "triple_average_score": 0.0007194194745416281,
        "method": "aggregated",
        "predicate_occurrences": 129,
        "predicate_aggregated_score": 0.34435422819274203,
        "predicate_average_score": 0.002669412621649163
    },
    "Offer1***schema:mainEntityOfPage***?CreativeWork1": {
        "triple_occurrences": 43,
        "triple_aggregated_score": 0.2325376989751369,
        "triple_average_score": 0.0054078534645380675,
        "method": "aggregated",
        "predicate_occurrences": 129,
        "predicate_aggregated_score": 0.34435422819274203,
        "predicate_average_score": 0.002669412621649163
    },
    "Offer1***schema:seller***?PersonOrOrganization1": {
        "triple_occurrences": 43,
        "triple_aggregated_score": 0.21779355165444114,
        "triple_average_score": 0.005064966317545143,
        "method": "aggregated",
        "predicate_occurrences": 43,
        "predicate_aggregated_score": 0.21779355165444114,
        "predicate_average_score": 0.005064966317545143
    },
    "Firearm1***schema:mainEntityOfPage***?CreativeWork1": {
        "triple_occurrences": 43,
        "triple_aggregated_score": 0.08088149181231516,
        "triple_average_score": 0.0018809649258677945,
        "method": "aggregated",
        "predicate_occurrences": 129,
        "predicate_aggregated_score": 0.34435422819274203,
        "predicate_average_score": 0.002669412621649163
    }
}