{
    "Offer1***schema:itemOffered***?Firearm1": {
        "triple_occurrences": 43,
        "triple_aggregated_score": 2.831525431721754,
        "triple_average_score": 0.008231178580586494,
        "method": "aggregated",
        "predicate_occurrences": 43,
        "predicate_aggregated_score": 0.35394067896521925,
        "predicate_average_score": 0.008231178580586494
    },
    "Firearm1***schema:manufacturer***?PersonOrOrganization1": {
        "triple_occurrences": 42,
        "triple_aggregated_score": 1.2685067088369075,
        "triple_average_score": 0.030202540686593036,
        "method": "aggregated",
        "predicate_occurrences": 42,
        "predicate_aggregated_score": 1.2685067088369075,
        "predicate_average_score": 0.030202540686593036
    },
    "PersonOrOrganization1***schema:mainEntityOfPage***?CreativeWork1": {
        "triple_occurrences": 43,
        "triple_aggregated_score": 0.030935037405290022,
        "triple_average_score": 0.0007194194745416284,
        "method": "aggregated",
        "predicate_occurrences": 129,
        "predicate_aggregated_score": 0.3443542281927421,
        "predicate_average_score": 0.0026694126216491635
    },
    "Offer1***schema:mainEntityOfPage***?CreativeWork1": {
        "triple_occurrences": 43,
        "triple_aggregated_score": 3.0229900866767796,
        "triple_average_score": 0.005407853464538067,
        "method": "aggregated",
        "predicate_occurrences": 129,
        "predicate_aggregated_score": 0.3443542281927421,
        "predicate_average_score": 0.0026694126216491635
    },
    "Offer1***schema:seller***?PersonOrOrganization1": {
        "triple_occurrences": 43,
        "triple_aggregated_score": 2.395729068198853,
        "triple_average_score": 0.0050649663175451436,
        "method": "aggregated",
        "predicate_occurrences": 43,
        "predicate_aggregated_score": 0.21779355165444117,
        "predicate_average_score": 0.0050649663175451436
    },
    "Firearm1***schema:mainEntityOfPage***?CreativeWork1": {
        "triple_occurrences": 43,
        "triple_aggregated_score": 0.08088149181231516,
        "triple_average_score": 0.0018809649258677945,
        "method": "aggregated",
        "predicate_occurrences": 129,
        "predicate_aggregated_score": 0.3443542281927421,
        "predicate_average_score": 0.0026694126216491635
    }
}