{
    "Offer1***schema:itemOffered***?Firearm1": {
        "triple_occurrences": 43,
        "triple_aggregated_score": 15.219449195504428,
        "triple_average_score": 0.008231178580586494,
        "method": "aggregated",
        "predicate_occurrences": 43,
        "predicate_aggregated_score": 0.35394067896521925,
        "predicate_average_score": 0.008231178580586494
    },
    "Firearm1***schema:manufacturer***?PersonOrOrganization1": {
        "triple_occurrences": 42,
        "triple_aggregated_score": 53.277281771150136,
        "triple_average_score": 0.030202540686593046,
        "method": "aggregated",
        "predicate_occurrences": 42,
        "predicate_aggregated_score": 1.268506708836908,
        "predicate_average_score": 0.030202540686593046
    },
    "PersonOrOrganization1***schema:mainEntityOfPage***?CreativeWork1": {
        "triple_occurrences": 43,
        "triple_aggregated_score": 1.3302066084274708,
        "triple_average_score": 0.0007194194745416283,
        "method": "aggregated",
        "predicate_occurrences": 129,
        "predicate_aggregated_score": 0.34435422819274203,
        "predicate_average_score": 0.002669412621649163
    },
    "Offer1***schema:mainEntityOfPage***?CreativeWork1": {
        "triple_occurrences": 43,
        "triple_aggregated_score": 9.999121055930884,
        "triple_average_score": 0.005407853464538066,
        "method": "aggregated",
        "predicate_occurrences": 129,
        "predicate_aggregated_score": 0.34435422819274203,
        "predicate_average_score": 0.002669412621649163
    },
    "Offer1***schema:seller***?PersonOrOrganization1": {
        "triple_occurrences": 43,
        "triple_aggregated_score": 9.36512272114097,
        "triple_average_score": 0.0050649663175451436,
        "method": "aggregated",
        "predicate_occurrences": 43,
        "predicate_aggregated_score": 0.21779355165444117,
        "predicate_average_score": 0.0050649663175451436
    },
    "Firearm1***schema:mainEntityOfPage***?CreativeWork1": {
        "triple_occurrences": 43,
        "triple_aggregated_score": 3.477904147929552,
        "triple_average_score": 0.0018809649258677945,
        "method": "aggregated",
        "predicate_occurrences": 129,
        "predicate_aggregated_score": 0.34435422819274203,
        "predicate_average_score": 0.002669412621649163
    }
}